{
    "overlapped-speech-detection": {
        "low_overlap": [
            [
                0.8327951429726054,
                0.6155863492964082,
                0.6758519365552113
            ],
            [
                0.8165401509423157,
                0.6173862629730629,
                0.6764647218338189
            ],
            [
                0.8085958514678019,
                0.6058957043586295,
                0.6657730942420347
            ],
            [
                0.7495776129504789,
                0.5677951151033799,
                0.6192451873727828
            ],
            [
                0.7106020708534883,
                0.5364685611138694,
                0.5843184685437892
            ],
            [
                0.6954208950479316,
                0.5097912388513414,
                0.5591723551215163
            ],
            [
                0.6830082667301864,
                0.4943811873043979,
                0.5452488471635702
            ],
            [
                0.6345843662672235,
                0.46963542201209646,
                0.5143409611993947
            ],
            [
                0.634514969824878,
                0.4651968583197319,
                0.5110349530957565
            ],
            [
                0.5944158668408879,
                0.44728261789798657,
                0.4878585348602613
            ],
            [
                0.5370735958787525,
                0.4061920370613909,
                0.4400894680969331
            ]
        ],
        "mid_overlap": [
            [
                0.9179760309977257,
                0.5904891933247598,
                0.6930425581466991
            ],
            [
                0.9220583606285399,
                0.5831004549054678,
                0.6878793053791287
            ],
            [
                0.9082181267192935,
                0.5559903332644466,
                0.6596993674770982
            ],
            [
                0.8387918508333431,
                0.5050104382007082,
                0.6018200839858447
            ],
            [
                0.8087915007088946,
                0.4845706605815954,
                0.5782614628093089
            ],
            [
                0.7689819814350293,
                0.4556840676871217,
                0.545923454659707
            ],
            [
                0.719858695154854,
                0.41820532434312,
                0.5033004467331224
            ],
            [
                0.6589535759885539,
                0.3727684436955094,
                0.4521458269582366
            ],
            [
                0.6106527953869596,
                0.3486806925675267,
                0.42069428486173294
            ],
            [
                0.592466397402073,
                0.3303232991173436,
                0.40089205581724074
            ],
            [
                0.49330765130657994,
                0.2873979954569856,
                0.34345890108108357
            ]
        ],
        "high_overlap": [
            [
                0.9655728356673279,
                0.5612798847840028,
                0.6921693830892885
            ],
            [
                0.9669786065002702,
                0.5537973762133416,
                0.6863604281979776
            ],
            [
                0.9618277422178378,
                0.5321062924766359,
                0.6663864286770882
            ],
            [
                0.9546423852741002,
                0.4868564582458946,
                0.6215898632190734
            ],
            [
                0.9132147182959127,
                0.4468778229720683,
                0.5786319672020085
            ],
            [
                0.8925107539176304,
                0.41647345529735846,
                0.5466522439215169
            ],
            [
                0.8432608871236736,
                0.38632060614957353,
                0.5099790105530664
            ],
            [
                0.8121002660344138,
                0.3459121302613511,
                0.4645681919841122
            ],
            [
                0.7514961328266435,
                0.3100081804202171,
                0.41754885400155856
            ],
            [
                0.7109047438645238,
                0.28236368411495844,
                0.37957266014397606
            ],
            [
                0.5839360593888626,
                0.21231343637147837,
                0.29092530531213634
            ]
        ]
    },
    "segmentation": {
        "low_overlap": [
            [
                0.6603986936635409,
                0.4394304161228048,
                0.4842801135763393
            ],
            [
                0.6303986936635407,
                0.4372069958313294,
                0.48056459451315275
            ],
            [
                0.5919505536402264,
                0.430842229338481,
                0.4714808311378853
            ],
            [
                0.5607146655030528,
                0.4196156029160575,
                0.4571465734281098
            ],
            [
                0.5604855849957465,
                0.4147348405076416,
                0.4513304676766986
            ],
            [
                0.49864347973258866,
                0.39112367151410476,
                0.42064772858789673
            ],
            [
                0.48864347973258865,
                0.38119703177566433,
                0.409608316367394
            ],
            [
                0.47864347973258864,
                0.3730848756805573,
                0.40053149703390417
            ],
            [
                0.43864347973258866,
                0.3571172186870728,
                0.3787900456445105
            ],
            [
                0.41864347973258864,
                0.3421590731128869,
                0.360665564548992
            ],
            [
                0.38926100110010997,
                0.33548836883842625,
                0.34993070640764246
            ]
        ],