{
    "overlapped-speech-detection": {
        "low_overlap": [
            [
                0.6792269379991671,
                0.6574235396052256,
                0.641825235338854
            ],
            [
                0.734395926384886,
                0.7150719757666458,
                0.7015563114375192
            ],
            [
                0.7425153174409522,
                0.7211865118967742,
                0.7113147613834202
            ],
            [
                0.7875841410510508,
                0.7565179636862456,
                0.7524117121475498
            ],
            [
                0.7858731020900117,
                0.7564531693207335,
                0.7525410258139499
            ],
            [
                0.7640655175973621,
                0.7315637790799198,
                0.7279895969515997
            ],
            [
                0.7433126303841517,
                0.7164224291685621,
                0.7101513130237458
            ],
            [
                0.7191109612898843,
                0.6978940302803838,
                0.6894160235504718
            ],
            [
                0.6902435046145058,
                0.6705213465560275,
                0.6614139455087092
            ],
            [
                0.6759787814553025,
                0.6624327930571313,
                0.6534500526169618
            ],
            [
                0.6727218631389806,
                0.641893311074479,
                0.6394109439250111
            ]
        ],
        "mid_overlap": [
            [
                0.8559143278002737,
                0.7891118636526113,
                0.796823752761882
            ],
            [
                0.8730963465660535,
                0.7973580524310371,
                0.8083302284232077
            ],
            [
                0.8789681617226458,
                0.796401897896033,
                0.8106847371220948
            ],
            [
                0.86067222925488,
                0.7855420588738408,
                0.7984221303906174
            ],
            [
                0.8652161771237217,
                0.7814304314995526,
                0.7981044267648945
            ],
            [
                0.8502641429243942,
                0.7608870205061586,
                0.7805708184375533
            ],
            [
                0.8510698373170562,
                0.7471964100943541,
                0.7703213473221853
            ],
            [
                0.8433559747175233,
                0.7313419806460406,
                0.7578731988307633
            ],
            [
                0.8158072626513595,
                0.7138331611108726,
                0.7381313563062796
            ],
            [
                0.8096324739532363,
                0.7013404150694404,
                0.727347550003266
            ],
            [
                0.7516266636264315,
                0.6446709545668545,
                0.6703197801646174
            ]
        ],
        "high_overlap": [
            [
                0.8650697719868358,
                0.7692466847284724,
                0.8003637848534305
            ],
            [
                0.8705180314516828,
                0.7675337693327523,
                0.8019747287199496
            ],
            [
                0.8743561304575159,
                0.7590827317895444,
                0.7969183062092107
            ],
            [
                0.8712171006341778,
                0.7434718472224019,
                0.7862805103236131
            ],
            [
                0.8728956594894705,
                0.737743245292288,
                0.7821446711732453
            ],
            [
                0.852429621126268,
                0.7117903123388306,
                0.7608857062548094
            ],
            [
                0.8496035154359011,
                0.6911505593756473,
                0.7449481626019516
            ],
            [
                0.8486007414859958,
                0.6761870637311496,
                0.7349170734392332
            ],
            [
                0.8460262756494313,
                0.6467448094684183,
                0.7117355528640872
            ],
            [
                0.8325926787861129,
                0.6219317476208416,
                0.690182730991845
            ],
            [
                0.8004130616555247,
                0.5690233829373773,
                0.6457176483772455
            ]
        ]
    },
    "segmentation": {
        "low_overlap": [
            [
                0.6703326155682054,
                0.54054612572925,
                0.5710898708860224
            ],
            [
                0.6778174328140796,
                0.5479738546344092,
                0.5801504403311396
            ],
            [
                0.678826445664563,
                0.5546496583795949,
                0.587024689936701
            ],
            [
                0.6839487613837156,
                0.5545096294881791,
                0.5875858225588845
            ],
            [
                0.6766030196269844,
                0.5439544438901127,
                0.5783964726950866
            ],
            [
                0.6486619432818219,
                0.5349740247841949,
                0.5646700290856376
            ],
            [
                0.6412177055245372,
                0.5286232810913787,
                0.5573662011757894
            ],
            [
                0.6233358321817988,
                0.5207687431535757,
                0.5481727415505883
            ],
            [
                0.5747034742378693,
                0.49059982321973367,
                0.5135367739838219
            ],
            [
                0.5749078452328581,
                0.4825209538749015,
                0.5073035377033848
            ],
            [
                0.5369811792813369,
                0.46626126017725605,
                0.48581274185882284
            ]
        ],
        "mid_overlap": [
            [
                0.772125240753443,
                0.5464061828648458,
                0.6087174234423691
            ],
            [
                0.7800235239540086,
                0.5441935157258937,
                0.609412757213761
            ],
            [
                0.785263547097854,
                0.54854756852684,
                0.6130122376328702
            ],
            [
                0.7684948477868084,
                0.5401458041232251,
                0.6043410425398419
            ],
            [
                0.7447203991354518,
                0.5285239249952395,
                0.5904977900109146
            ],
            [
                0.7196795844121432,
                0.5075576089868676,
                0.566735846452103
            ],
            [
                0.7096795844121431,
                0.4964285242888827,
                0.5547674024694073
            ],
            [
                0.6987412405179455,
                0.4833716130352259,
                0.5410899304449359
            ],
            [
                0.6823264216610795,
                0.4665104305474722,
                0.524048564885161
            ],
            [
                0.6708143662192486,
                0.4511557316840562,
                0.5099181655314379
            ],
            [
                0.5811128784086097,
                0.3957732414630712,
                0.44874598827873063
            ]
        ],