{
    "overlapped-speech-detection": {
        "low_overlap": [
            [
                0.822669545305466,
                0.5970580783877777,
                0.6571844472913005
            ],
            [
                0.8224069915060336,
                0.6014683690754304,
                0.6602849827560542
            ],
            [
                0.8219397849510789,
                0.6076731056639735,
                0.6648648129492752
            ],
            [
                0.8220210380545772,
                0.618168770544995,
                0.6712383753957952
            ],
            [
                0.8220210380545772,
                0.6203115167796619,
                0.6727050809121841
            ],
            [
                0.8177400403220423,
                0.6223807536319104,
                0.6725016275389306
            ],
            [
                0.8164073182806629,
                0.6229134653464529,
                0.6724140381169442
            ],
            [
                0.8164073182806629,
                0.6263635771556318,
                0.6748722453744591
            ],
            [
                0.8164073182806629,
                0.6263635771556318,
                0.6748722453744591
            ],
            [
                0.8164073182806629,
                0.6263635771556318,
                0.6748722453744591
            ],
            [
                0.8164073182806629,
                0.6299213467201507,
                0.67716064897661
            ]
        ],
        "mid_overlap": [
            [
                0.9173936200156525,
                0.5924821128721197,
                0.694490797951496
            ],
            [
                0.9162709593393185,
                0.601389893335244,
                0.7007506184469863
            ],
            [
                0.915833147596976,
                0.621682540626773,
                0.7153606316452169
            ],
            [
                0.9138944077372015,
                0.6379373935401619,
                0.7252988913098034
            ],
            [
                0.9133391852932407,
                0.6452057278813544,
                0.7293309302739176
            ],
            [
                0.9134577788663084,
                0.6473405859962996,
                0.7311102594191814
            ],
            [
                0.9126449056783416,
                0.6482712708991378,
                0.7311614234231003
            ],
            [
                0.9107910732362738,
                0.6528651780691742,
                0.7335163750403392
            ],
            [
                0.9107910732362738,
                0.6528651780691742,
                0.7335163750403392
            ],
            [
                0.9107910732362738,
                0.6528651780691742,
                0.7335163750403392
            ],
            [
                0.9072971080002371,
                0.6574962216327355,
                0.735500917772355
            ]
        ],
        "high_overlap": [
            [
                0.9647288134444224,
                0.5535968107565581,
                0.6841759063868291
            ],
            [
                0.9642648365110056,
                0.5610636873823046,
                0.6899833901045941
            ],
            [
                0.9634708026176123,
                0.5758235354878586,
                0.7014416334227386
            ],
            [
                0.9624715880756224,
                0.5912545570439908,
                0.7128926686554417
            ],
            [
                0.9615390118685846,
                0.5968400632123623,
                0.7162516092161042
            ],
            [
                0.9602184201551897,
                0.60587980942274,
                0.722222574016276
            ],
            [
                0.9602964919907283,
                0.6132809004568732,
                0.72757792445312
            ],
            [
                0.9594579081249393,
                0.6156382998544729,
                0.7288205344042298
            ],
            [
                0.9594579081249393,
                0.6215692372841783,
                0.7327197090272308
            ],
            [
                0.9595248142705823,
                0.6244580842934114,
                0.7344450457320889
            ],
            [
                0.9599422661826291,
                0.6296282712176896,
                0.7378219389635396
            ]
        ]
    },
    "segmentation": {
        "low_overlap": [
            [
                0.6599896056109208,
                0.4302890681156058,
                0.47533812320829577
            ],
            [
                0.6598621645720573,
                0.43199730212138887,
                0.4767756579422781
            ],
            [
                0.6551096134955375,
                0.4342633303323594,
                0.4785777028244715
            ],
            [
                0.6551096134955375,
                0.4373417808460629,
                0.48131789979002937
            ],
            [
                0.6551096134955375,
                0.4373417808460629,
                0.48131789979002937
            ],
            [
                0.6551096134955375,
                0.4373417808460629,
                0.48131789979002937
            ],
            [
                0.6551096134955375,
                0.4373417808460629,
                0.48131789979002937
            ],
            [
                0.6551096134955375,
                0.4373417808460629,
                0.48131789979002937
            ],
            [
                0.6551096134955375,
                0.4373417808460629,
                0.48131789979002937
            ],
            [
                0.6551096134955375,
                0.4373417808460629,
                0.48131789979002937
            ],
            [
                0.6551096134955375,
                0.4408127755431544,
                0.4835828621417587
            ]
        ],