{
    "overlapped-speech-detection": {
        "low_overlap": [
            [
                0.7865553358372938,
                0.7415816542834542,
                0.7423976301786709
            ],
            [
                0.7538525287566368,
                0.7164375927566339,
                0.7137453733100759
            ],
            [
                0.7425153174409522,
                0.7211865118967742,
                0.7113147613834202
            ],
            [
                0.7291273692171722,
                0.7145382532441558,
                0.7006074553581046
            ],
            [
                0.7267009885637541,
                0.7187124113612583,
                0.7014615302081496
            ],
            [
                0.7266918712486876,
                0.7218613197396871,
                0.7027853039806304
            ],
            [
                0.727195130493981,
                0.728237262947506,
                0.7065608159302821
            ],
            [
                0.7263161646151558,
                0.728237262947506,
                0.7058435593479087
            ],
            [
                0.7263161646151558,
                0.728237262947506,
                0.7058435593479087
            ],
            [
                0.723433943427131,
                0.728237262947506,
                0.7033965280881646
            ],
            [
                0.723433943427131,
                0.728237262947506,
                0.7033965280881646
            ]
        ],
        "mid_overlap": [
            [
                0.8869792196257036,
                0.7752938793238964,
                0.8027911833039735
            ],
            [
                0.8819451701316261,
                0.7886924007299957,
                0.8078117439979894
            ],
            [
                0.8789681617226458,
                0.796401897896033,
                0.8106847371220948
            ],
            [
                0.8648654039008968,
                0.8004548059725494,
                0.8059077572436384
            ],
            [
                0.8565717711262353,
                0.8005074722574506,
                0.8024349778415004
            ],
            [
                0.8543340192272281,
                0.802680706379465,
                0.8022905738562849
            ],
            [
                0.8510210133739742,
                0.807488514122712,
                0.802872875284777
            ],
            [
                0.8506331401220797,
                0.8086518203218354,
                0.8030322481116734
            ],
            [
                0.85031219812754,
                0.8124964355604716,
                0.8055602580046056
            ],
            [
                0.8455893652837161,
                0.8126945374560247,
                0.802714541612311
            ],
            [
                0.8361955411944478,
                0.813434093770914,
                0.7976750802013572
            ]
        ],
        "high_overlap": [
            [
                0.891910705150774,
                0.7385856490680693,
                0.7927372334112971
            ],
            [
                0.8854093570136172,
                0.7461140747768014,
                0.7941073914966534
            ],
            [
                0.8743561304575159,
                0.7590827317895444,
                0.7969183062092107
            ],
            [
                0.8668932047452133,
                0.7721569047878992,
                0.7999707684295488
            ],
            [
                0.8637656130876676,
                0.7808085770528693,
                0.802668148197822
            ],
            [
                0.8580025546087137,
                0.7885858785894088,
                0.8045083869003459
            ],
            [
                0.8549901541491749,
                0.791222935071135,
                0.8043677769710326
            ],
            [
                0.854119007395926,
                0.7925437957221548,
                0.8044438285268837
            ],
            [
                0.8491076784011545,
                0.7938136270392674,
                0.8028837310817366
            ],
            [
                0.8492691224189699,
                0.8042910222601004,
                0.8120525065258317
            ],
            [
                0.8413118574077955,
                0.8046526925521293,
                0.8074993687549172
            ]
        ]
    },
    "segmentation": {
        "low_overlap": [
            [
                0.6781125919292788,
                0.5470943361470736,
                0.5801399584339976
            ],
            [
                0.6728126039007214,
                0.5499291845464973,
                0.5813947121374964
            ],
            [
                0.678826445664563,
                0.5546496583795949,
                0.587024689936701
            ],
            [
                0.6771157667253587,
                0.5582189038586521,
                0.5888256207864788
            ],
            [
                0.6771157667253587,
                0.5582189038586521,
                0.5888256207864788
            ],
            [
                0.6763534873872428,
                0.5624999900530815,
                0.5901651721564022
            ],
            [
                0.6763330647039149,
                0.5632631233333142,
                0.5907297317086362
            ],
            [
                0.6763330647039149,
                0.5632631233333142,
                0.5907297317086362
            ],
            [
                0.6763330647039149,
                0.5632631233333142,
                0.5907297317086362
            ],
            [
                0.6763330647039149,
                0.5632631233333142,
                0.5907297317086362
            ],
            [
                0.6737413541710027,
                0.5632631233333142,
                0.5891087128791817
            ]
        ],
        "mid_overlap": [
            [
                0.7897559007782446,
                0.5338477571312968,
                0.6028607672280938
            ],
            [
                0.7871458812371468,
                0.5429390458348428,
                0.6089541366820534
            ],
            [
                0.785263547097854,
                0.54854756852684,
                0.6130122376328702
            ],
            [
                0.7842984926452374,
                0.550538501393325,
                0.614034282321493
            ],
            [
                0.7842984926452374,
                0.5515281338155682,
                0.6147513643277908
            ],
            [
                0.7793182131519889,
                0.5535731878587419,
                0.615237941213896
            ],
            [
                0.7793182131519889,
                0.5535731878587419,
                0.615237941213896
            ],
            [
                0.776883026929584,
                0.5546202083744349,
                0.6144302512155132
            ],
            [
                0.7770074652447305,
                0.5564652636569902,
                0.6157589330680879
            ],
            [
                0.7770074652447305,
                0.5564652636569902,
                0.6157589330680879
            ],
            [
                0.7737136679872654,
                0.5565575025004398,
                0.6149786827215014
            ]
        ],