{
    "overlapped-speech-detection": {
        "low_overlap": [
            [
                0.7845575112198604,
                0.6922189328193928,
                0.7147731248648083
            ],
            [
                0.8046389151957613,
                0.6644695310571729,
                0.7048003404294978
            ],
            [
                0.8096123822076419,
                0.6375793655008231,
                0.6861170818123135
            ],
            [
                0.8182382227499976,
                0.6173972253189537,
                0.6727203806492157
            ],
            [
                0.8226908988900067,
                0.5963706383341653,
                0.6566545576186944
            ],
            [
                0.8266447738082462,
                0.5748159547098675,
                0.6375617806406557
            ],
            [
                0.8306219623086827,
                0.5585419900053026,
                0.6259817145509544
            ],
            [
                0.8309491337828294,
                0.5393091488885157,
                0.6108249548815816
            ],
            [
                0.829113800904507,
                0.5080925254081552,
                0.5837941889501856
            ],
            [
                0.8221339681721175,
                0.4196268174383996,
                0.5027693940572194
            ]
        ],
        "mid_overlap": [
            [
                0.856230721810642,
                0.7149678360338422,
                0.757085920335669
            ],
            [
                0.8853927958054756,
                0.6812576975160313,
                0.7467205229230532
            ],
            [
                0.9035228440422622,
                0.6504503227804538,
                0.7325320490693743
            ],
            [
                0.9140985097437331,
                0.6203045315896231,
                0.7147613161638933
            ],
            [
                0.9175852439573934,
                0.5912512242065591,
                0.6936100544140095
            ],
            [
                0.9206646221344361,
                0.5642688157867087,
                0.6716563009215277
            ],
            [
                0.9228514324727023,
                0.5382728826390646,
                0.6504119896638252
            ],
            [
                0.9224259235539772,
                0.5094371401393532,
                0.6262603097701847
            ],
            [
                0.9221312211867962,
                0.4712439297847765,
                0.5926299190808093
            ],
            [
                0.9172436300904464,
                0.34292357228777876,
                0.4678483105529308
            ]
        ],
        "high_overlap": [
            [
                0.8888209632710706,
                0.7041946473974536,
                0.768732499451129
            ],
            [
                0.9327101642229688,
                0.658108028314038,
                0.7542815443738833
            ],
            [
                0.952313320248061,
                0.6175103554848039,
                0.7320682808200791
            ],
            [
                0.9600428686098393,
                0.5843453041558507,
                0.7085475120429632
            ],
            [
                0.9651351503954184,
                0.5528473077889406,
                0.6837118983395171
            ],
            [
                0.9681692259814758,
                0.5248304036375859,
                0.6607942639937253
            ],
            [
                0.9710216899860109,
                0.49664061595271525,
                0.6375380254189011
            ],
            [
                0.971268598318358,
                0.46337438745102993,
                0.6073642629296414
            ],
            [
                0.9697944917957713,
                0.4124985759639651,
                0.5587360640163797
            ],
            [
                0.9645937273899671,
                0.29378245525122687,
                0.43418570313185323
            ]
        ]
    },
    "segmentation": {
        "low_overlap": [
            [
                0.6367742537909249,
                0.4852141086295076,
                0.5190758697860859
            ],
            [
                0.6511157396235757,
                0.4720640897916746,
                0.5132161538892377
            ],
            [
                0.6548662848842974,
                0.4587690802743621,
                0.5030716588032099
            ],
            [
                0.6556276335931289,
                0.44430577994465453,
                0.49008406058442894
            ],
            [
                0.6598986936635407,
                0.43000891247358247,
                0.4751971024311765
            ],
            [
                0.6595472655531662,
                0.4130975209600958,
                0.45673679267551015
            ],
            [
                0.658685580045711,
                0.3979661974450934,
                0.4418316940093764
            ],
            [
                0.6588597931805024,
                0.38164585278380764,
                0.4264473911950589
            ],
            [
                0.6597720896720705,
                0.3614423528520239,
                0.40686107145883665
            ],
            [
                0.659409899642198,
                0.34572180150615095,
                0.39158137719876734
            ]
        ],
        "mid_overlap": [
            [
                0.6692173391770898,
                0.4606250337591357,
                0.5210460970924944
            ],
            [
                0.6956825413653983,
                0.4339495101874913,
                0.5071409538977744
            ],
            [
                0.703278844147099,
                0.40911560959228643,
                0.48900814296225315
            ],
            [
                0.7077001189737024,
                0.3830499948181451,
                0.46814224797883397
            ],
            [
                0.7146353030988247,
                0.3549217665936014,
                0.44248770477130867
            ],
            [
                0.7152741379947453,
                0.3286304818913428,
                0.4152657291543654
            ],
            [
                0.7151932714331144,
                0.3002411912917887,
                0.38672777069071457
            ],
            [
                0.7143471202354919,
                0.2710876435727879,
                0.3562695925293551
            ],
            [
                0.7142302613141331,
                0.23948649079290113,
                0.32251720393539046
            ],
            [
                0.7139176063985575,
                0.21860113666722392,
                0.2989738344725181
            ]
        ],