{
    "overlapped-speech-detection": {
        "low_overlap": [
            [
                0.707064441538857,
                0.7462222014841222,
                0.7038663888619383
            ],
            [
                0.7425153174409522,
                0.7211865118967742,
                0.7113147613834202
            ],
            [
                0.7536238657528352,
                0.72958572798542,
                0.7210250307830119
            ],
            [
                0.7435412554824339,
                0.7188036967638866,
                0.7105008128392768
            ],
            [
                0.7534991305583703,
                0.7291877670400665,
                0.720770484037059
            ],
            [
                0.7535752108554523,
                0.729093601939794,
                0.7207062165118061
            ],
            [
                0.7535708596038664,
                0.7292277874608014,
                0.7208257290246806
            ],
            [
                0.7535887394456866,
                0.7290735282432632,
                0.7207656127215842
            ],
            [
                0.7534837385395708,
                0.7291797903555571,
                0.7207609164588544
            ],
            [
                0.7535335140441274,
                0.72904123345494,
                0.720706770998678
            ]
        ],
        "mid_overlap": [
            [
                0.8234820234349743,
                0.8200928462122348,
                0.7984310366312828
            ],
            [
                0.8789681617226458,
                0.796401897896033,
                0.8106847371220948
            ],
            [
                0.8800454969575575,
                0.7933594010196913,
                0.8092126750572138
            ],
            [
                0.8800196881224852,
                0.7943659688207618,
                0.8099468644056336
            ],
            [
                0.8799190238976246,
                0.7935713464804379,
                0.8093791639071415
            ],
            [
                0.87979949120094,
                0.7938181267203085,
                0.8094561859899698
            ],
            [
                0.8796970146273321,
                0.7938249760692241,
                0.8095039247597537
            ],
            [
                0.8800078408103859,
                0.7938804395608766,
                0.8095795108036407
            ],
            [
                0.8795925593494556,
                0.7936965714636375,
                0.8092893584048041
            ],
            [
                0.8797669435367265,
                0.7932291137875198,
                0.8091059778998868
            ]
        ],
        "high_overlap": [
            [
                0.8302849385803868,
                0.8081368583825147,
                0.805056130053471
            ],
            [
                0.8743561304575159,
                0.7590827317895444,
                0.7969183062092107
            ],
            [
                0.8761810180006293,
                0.7551958322753078,
                0.7954242664988755
            ],
            [
                0.876101456311439,
                0.75552929141472,
                0.7957104244836849
            ],
            [
                0.8759581973881836,
                0.7561896837161634,
                0.7958674759990809
            ],
            [
                0.8758202737035182,
                0.7558135008298725,
                0.7957046094450341
            ],
            [
                0.8759457297726406,
                0.7561542941261041,
                0.795878508048606
            ],
            [
                0.8761639613674111,
                0.7562397253728877,
                0.7960265438958019
            ],
            [
                0.8759193736947349,
                0.7565450303959034,
                0.7961685154827371
            ],
            [
                0.8760916032205327,
                0.7563057520149559,
                0.7960064464733482
            ]
        ]
    },
    "segmentation": {
        "low_overlap": [
            [
                0.6598282926625807,
                0.5819702633473419,
                0.5964830464137733
            ],
            [
                0.678826445664563,
                0.5546496583795949,
                0.587024689936701
            ],
            [
                0.6790407600372039,
                0.5531514122833001,
                0.586102748200447
            ],
            [
                0.6793456525685164,
                0.5533822782707184,
                0.586417456884682
            ],
            [
                0.6793350596627751,
                0.5532840456601514,
                0.5863726262965819
            ],
            [
                0.6792778979864774,
                0.5535680311684608,
                0.5865430846147985
            ],
            [
                0.6791309636664127,
                0.5535169546423172,
                0.586317919246681
            ],
            [
                0.679248817570322,
                0.5531489278576214,
                0.5862001786399742
            ],
            [
                0.6792244029698264,
                0.5533648018428726,
                0.5863196708002575
            ],
            [
                0.679043315234113,
                0.5532328307857447,
                0.5861373739531396
            ]
        ],
        "mid_overlap": [
            [
                0.7621618520547375,
                0.5884883366538552,
                0.6341528011765006
            ],
            [
                0.785263547097854,
                0.54854756852684,
                0.6130122376328702
            ],
            [
                0.7848731584147793,
                0.5457712168094984,
                0.6106545261100671
            ],
            [
                0.7851456811668294,
                0.545822966536469,
                0.610685343660757
            ],
            [
                0.7850577848192359,
                0.5454337241733227,
                0.6105046535722735
            ],
            [
                0.7849886698460555,
                0.5459187481807769,
                0.6107390355953438
            ],
            [
                0.7851001105494454,
                0.5456138534337142,
                0.6106116326255903
            ],
            [
                0.7850780745972264,
                0.5457102901398286,
                0.6106709893632827
            ],
            [
                0.784991766312278,
                0.5454393925379954,
                0.6104548998366893
            ],
            [
                0.7850225836272686,
                0.5456539714133829,
                0.6105752491333817
            ]
        ],