{
    "overlapped-speech-detection": {
        "low_overlap": [
            [
                0.5814379093360543,
                0.5411371049268009,
                0.5386299124393732
            ],
            [
                0.7123165974691674,
                0.5574374541451107,
                0.5923078710882954
            ],
            [
                0.7568982509699773,
                0.5725601381284384,
                0.6197863738515283
            ],
            [
                0.7877627190770841,
                0.5780379926826998,
                0.633543154214205
            ],
            [
                0.8226908988900067,
                0.5963706383341653,
                0.6566545576186944
            ],
            [
                0.8006637080661868,
                0.5888385087359436,
                0.6485745417818994
            ],
            [
                0.8005920746695228,
                0.5782680628768577,
                0.6420843861041375
            ],
            [
                0.7665992414396626,
                0.554133748531225,
                0.617455132483108
            ],
            [
                0.7105147927876768,
                0.5077511759913257,
                0.5683610694510268
            ],
            [
                0.27,
                0.27,
                0.27
            ]
        ],
        "mid_overlap": [
            [
                0.7421401435845918,
                0.6622000451743457,
                0.6782382631798215
            ],
            [
                0.8914993296146326,
                0.675693703936927,
                0.7430643517266432
            ],
            [
                0.9320865322109144,
                0.6509475477444251,
                0.737619604553533
            ],
            [
                0.9284392517256255,
                0.618503435482411,
                0.7134244011022869
            ],
            [
                0.9175852439573934,
                0.5912512242065591,
                0.6936100544140095
            ],
            [
                0.9132369649586781,
                0.5670488230688432,
                0.6734661336191633
            ],
            [
                0.9014408243515898,
                0.5332741382201597,
                0.6417613073511212
            ],
            [
                0.8728380457478141,
                0.49482638136733437,
                0.6045143623367548
            ],
            [
                0.8235122618629324,
                0.43858824016813047,
                0.5446409503978992
            ],
            [
                0.09,
                0.09,
                0.09
            ]
        ],
        "high_overlap": [
            [
                0.8044039460845024,
                0.6744473175277155,
                0.7227367190087631
            ],
            [
                0.90800220219571,
                0.6517241578778521,
                0.7441329816318322
            ],
            [
                0.9416864419918529,
                0.6139645169746071,
                0.7272909853909947
            ],
            [
                0.9567947168851647,
                0.5823924881616952,
                0.7064147793224765
            ],
            [
                0.9651351503954184,
                0.5528473077889406,
                0.6837118983395171
            ],
            [
                0.9694385383462764,
                0.5352582202581431,
                0.6702507347334776
            ],
            [
                0.9676811322188534,
                0.5060803217604524,
                0.6458947589009268
            ],
            [
                0.9643561042676548,
                0.45802525555970164,
                0.6001090244146992
            ],
            [
                0.9043575806207877,
                0.36380036326459736,
                0.4986252893922724
            ],
            [
                0.04,
                0.04,
                0.04
            ]
        ]
    },
    "segmentation": {
        "low_overlap": [
            [
                0.5261459207452084,
                0.35766510777006005,
                0.3947671016241703
            ],
            [
                0.6827055229175225,
                0.44856827919256403,
                0.497660456445068
            ],
            [
                0.6854933353189321,
                0.4370707295926217,
                0.4860857484867612
            ],
            [
                0.6828083646658786,
                0.4479319158756551,
                0.49519755152457867
            ],
            [
                0.6598986936635407,
                0.43000891247358247,
                0.4751971024311765
            ],
            [
                0.5926831441085173,
                0.4207079189507691,
                0.46118656943635167
            ],
            [
                0.5294006141820212,
                0.39514130128507063,
                0.43020050067518417
            ],
            [
                0.4895934472934473,
                0.3729956778872825,
                0.40368040068806443
            ],
            [
                0.42,
                0.33192436741480835,
                0.35230543000264697
            ],
            [
                0.27,
                0.27,
                0.27
            ]
        ],
        "mid_overlap": [
            [
                0.7263614372470328,
                0.46380830660040745,
                0.5332947942957551
            ],
            [
                0.8013428903181474,
                0.4408257800964289,
                0.5283073189690092
            ],
            [
                0.8002036563174267,
                0.3992582560346596,
                0.48912016046066903
            ],
            [
                0.7759315620057133,
                0.38041801990244023,
                0.4685050615812342
            ],
            [
                0.7146353030988247,
                0.3549217665936014,
                0.44248770477130867
            ],
            [
                0.6767540456689735,
                0.32837567442151877,
                0.4115003971925074
            ],
            [
                0.6563937797020322,
                0.29942781248481204,
                0.37629081859653035
            ],
            [
                0.5498803558460421,
                0.2500786135300992,
                0.313482381634059
            ],
            [
                0.40986132154882154,
                0.1747251402006165,
                0.21729814519404608
            ],
            [
                0.09,
                0.09,
                0.09
            ]
        ],