{
    "overlapped-speech-detection": {
        "low_overlap": [
            [
                0.6165138428017292,
                0.73016429510049,
                0.6450698527439023
            ],
            [
                0.7425153174409522,
                0.7211865118967742,
                0.7113147613834202
            ],
            [
                0.801770907546432,
                0.7278523026589534,
                0.7423039108884802
            ],
            [
                0.8250051221136797,
                0.705658345901639,
                0.7344819712649049
            ],
            [
                0.8278615036947679,
                0.6903260754482085,
                0.7293328529778428
            ],
            [
                0.7773134598957654,
                0.6534345279819179,
                0.690569217135144
            ],
            [
                0.7783436426118402,
                0.6326728150695268,
                0.6783941110100962
            ],
            [
                0.7527584624536783,
                0.5949160152841888,
                0.6435327798549428
            ],
            [
                0.6944552663604108,
                0.5396919744768426,
                0.5899463305552178
            ],
            [
                0.27,
                0.27,
                0.27
            ]
        ],
        "mid_overlap": [
            [
                0.7334472789693777,
                0.8368696665652504,
                0.7552330738838365
            ],
            [
                0.8789681617226458,
                0.796401897896033,
                0.8106847371220948
            ],
            [
                0.8991252727114416,
                0.7619205254291568,
                0.8014939057299597
            ],
            [
                0.8895207834870051,
                0.7189456597624371,
                0.7681527067633247
            ],
            [
                0.8864115641903345,
                0.6919498728110486,
                0.7535739877510224
            ],
            [
                0.8740149937085849,
                0.665195363570771,
                0.7317530107194717
            ],
            [
                0.8571625894713903,
                0.6207370035702635,
                0.6943214647412099
            ],
            [
                0.8383749727681249,
                0.5785645572384022,
                0.6567068885071194
            ],
            [
                0.7926029216482242,
                0.5143238153052045,
                0.595192210034576
            ],
            [
                0.09,
                0.09,
                0.09
            ]
        ],
        "high_overlap": [
            [
                0.7548305879708818,
                0.833367083019081,
                0.780353061100691
            ],
            [
                0.8743561304575159,
                0.7590827317895444,
                0.7969183062092107
            ],
            [
                0.9092065284344204,
                0.7248668785645038,
                0.7907279241279384
            ],
            [
                0.9189596499161103,
                0.6935898602575594,
                0.7743996325684473
            ],
            [
                0.9377090432822629,
                0.6749205087613788,
                0.7677263236916518
            ],
            [
                0.9410667213157637,
                0.6356414253849735,
                0.7373739068357288
            ],
            [
                0.9265424681056268,
                0.6024992095744772,
                0.713749661535447
            ],
            [
                0.9210557146776184,
                0.5387845612536996,
                0.6618915708179852
            ],
            [
                0.859557559050696,
                0.4177851069471912,
                0.5438083591537023
            ],
            [
                0.04,
                0.04,
                0.04
            ]
        ]
    },
    "segmentation": {
        "low_overlap": [
            [
                0.5849355141140583,
                0.5558853145354535,
                0.5478073159098387
            ],
            [
                0.678826445664563,
                0.5546496583795949,
                0.587024689936701
            ],
            [
                0.686724859444094,
                0.5231770080330336,
                0.5640984587341128
            ],
            [
                0.6736302307768424,
                0.5093154583478984,
                0.5494289936360315
            ],
            [
                0.6411157396235755,
                0.4790444473380089,
                0.5182066173005573
            ],
            [
                0.57492657623291,
                0.44892308196350383,
                0.4819454753945218
            ],
            [
                0.523248363652824,
                0.41882074420682325,
                0.44959596087904424
            ],
            [
                0.48469257414087513,
                0.3936057555279537,
                0.42081388988580604
            ],
            [
                0.41714872246868745,
                0.3445805911527194,
                0.36459724894488077
            ],
            [
                0.27,
                0.27,
                0.27
            ]
        ],
        "mid_overlap": [
            [
                0.7206935797503768,
                0.6451858526509746,
                0.6515490275057726
            ],
            [
                0.785263547097854,
                0.54854756852684,
                0.6130122376328702
            ],
            [
                0.7703081572039995,
                0.49788641638373343,
                0.571312428288458
            ],
            [
                0.7232447763310101,
                0.45923101182589177,
                0.5335300415446408
            ],
            [
                0.6955952815694378,
                0.4323871698617905,
                0.5051712481977402
            ],
            [
                0.6504968582318056,
                0.39378615965943603,
                0.4619299652417334
            ],
            [
                0.6191154284081023,
                0.34974172290062017,
                0.4175821715608541
            ],
            [
                0.5412181707364558,
                0.2869270151787129,
                0.34565312933875264
            ],
            [
                0.37473199944292623,
                0.1936091615982619,
                0.23343781450361148
            ],
            [
                0.09,
                0.09,
                0.09
            ]
        ],