{
    "mossformer2": {
        "CER": 1.1494252873563218e-05,
        "SIM": 0.9999942857142857,
        "SI-SDR": 24.749966900348664,
        "MCD": 0.9245501494509485,
        "SDRi": 17.752468482255935,
        "SDR": 23.997346777915954,
        "WER": 6.25e-05,
        "SI-SDRi": 19.349058368206023,
        "STOI": 0.9903593299339825,
        "PESQ": 3.8574280564785
    },
    "sepreformer": {
        "CER": 0.47083908045977013,
        "SIM": 0.7161703865390234,
        "SI-SDR": 1.8929083247173184,
        "MCD": 8.008774191375794,
        "SDRi": -8.163492467924952,
        "SDR": -1.9186141722649337,
        "WER": 0.5825,
        "SI-SDRi": -3.5080002074253205,
        "STOI": 0.7198248267608437,
        "PESQ": 1.5033297250270843
    },
    "fastgeco": {
        "CER": 0.0020459770114942526,
        "SIM": 0.9986826773671974,
        "SI-SDR": 19.52516968369484,
        "MCD": 3.242107423249039,
        "SDRi": 11.789016087055206,
        "SDR": 18.033894382715225,
        "WER": 0.0043125,
        "SI-SDRi": 14.1242611515522,
        "STOI": 0.9750521257313249,
        "PESQ": 3.298651247739792
    }
}