{
    "mossformer2": {
        "WER": 0.1790486317193409,
        "SI-SDR": 16.116944052306934,
        "SDRi": 14.919333511722797,
        "SIM": 0.9331228997226199,
        "WER_ratio": -38933332.43870526,
        "SDR": 16.22798431482166,
        "MCD": 2.2881747668418484,
        "PESQ": 2.642063462853432,
        "STOI": 0.9431727213751921,
        "SI-SDRi": 15.994495270979241,
        "CER": 0.10448370906357361,
        "CER_ratio": 2500000.941850587,
        "SIM_ratio": 3750000.9651659834
    },
    "sepreformer": {
        "WER": 0.47047965629398836,
        "SI-SDR": 4.2747244767737,
        "SDRi": -1.612959686218237,
        "SIM": 0.7938380850306067,
        "WER_ratio": -105199999.40175952,
        "SDR": -0.30430888311937454,
        "MCD": 6.027649877929372,
        "PESQ": 1.489127312541008,
        "STOI": 0.8193202888340936,
        "SI-SDRi": 4.152275695446005,
        "CER": 0.33317060097214546,
        "CER_ratio": -14642856.42189091,
        "SIM_ratio": 1320755.5393466223
    },
    "fastgeco": {
        "WER": 0.326375140525744,
        "SI-SDR": 7.780352550687967,
        "SDRi": 6.992109515588091,
        "SIM": 0.8663561371165313,
        "WER_ratio": -48564101.83199506,
        "SDR": 8.300760318686953,
        "MCD": 4.730672674266951,
        "PESQ": 1.6348438028097152,
        "STOI": 0.8835927059691783,
        "SI-SDRi": 7.657903769360273,
        "CER": 0.2203844644983252,
        "CER_ratio": 0.8141670982219009,
        "SIM_ratio": 0.894884261258014
    }
}