{
    "mossformer2": {
        "CER": 6.896551724137931e-05,
        "SIM": 0.9999596013289038,
        "SI-SDR": 23.275608798265456,
        "MCD": 0.9245501494509485,
        "SDRi": 16.558932211995124,
        "SDR": 22.740279982089998,
        "WER": 0.00025,
        "SI-SDRi": 17.94832166194916,
        "STOI": 0.9913907267089382,
        "PESQ": 3.710053221464157
    },
    "sepreformer": {
        "CER": 0.4709195402298851,
        "SIM": 0.7158023591430651,
        "SI-SDR": 1.5725939839161582,
        "MCD": 8.008774191375794,
        "SDRi": -8.097941770628095,
        "SDR": -1.9165940005332232,
        "WER": 0.5825625,
        "SI-SDRi": -3.754693152400141,
        "STOI": 0.7160874842443545,
        "PESQ": 1.3693249851465226
    },
    "fastgeco": {
        "CER": 0.0020459770114942526,
        "SIM": 0.9986826773671974,
        "SI-SDR": 14.232491259574891,
        "MCD": 3.242107423249039,
        "SDRi": 7.651516912579536,
        "SDR": 13.832864682674408,
        "WER": 0.0043125,
        "SI-SDRi": 8.90520412325859,
        "STOI": 0.9672265960990999,
        "PESQ": 2.431882483005524
    }
}