{
    "mossformer2": {
        "SI-SDR": 18.029697695970537,
        "MCD": 1.129666020570691,
        "SDR": 17.921039102077483,
        "SIM": 0.9974269304132668,
        "PESQ": 2.9717996230125427,
        "SDRi": 21.776396871879697,
        "WER": 0.0065,
        "CER": 0.0033524590163934425,
        "SI-SDRi": 23.36345802783966,
        "STOI": 0.9763909095068897
    },
    "sepreformer": {
        "SI-SDR": -5.443266473307376,
        "MCD": 7.884258632975007,
        "SDR": -3.655966500256254,
        "SIM": 0.7052133447230223,
        "PESQ": 1.2048530039787293,
        "SDRi": 0.19939126954595848,
        "WER": 0.50225,
        "CER": 0.4055409836065573,
        "SI-SDRi": -0.10950614143825078,
        "STOI": 0.66360594715756
    },
    "fastgeco": {
        "SI-SDR": 10.886480632424355,
        "MCD": 2.773466870616483,
        "SDR": 10.958124573230743,
        "SIM": 0.9698443500967827,
        "PESQ": 1.8936697816848755,
        "SDRi": 14.813482343032955,
        "WER": 0.06420833333333333,
        "CER": 0.03666393442622951,
        "SI-SDRi": 16.22024096429348,
        "STOI": 0.9374978081834177
    }
}