{
    "mossformer2": {
        "CER": 0.004647540983606558,
        "SIM": 0.9965490202927939,
        "SI-SDR": 19.358689612150194,
        "MCD": 1.129666020570691,
        "SDRi": 23.12203181348741,
        "SDR": 19.19425838470459,
        "WER": 0.0095,
        "SI-SDRi": 24.7660474050045,
        "STOI": 0.9762389879256411,
        "PESQ": 3.2636948795318603
    },
    "sepreformer": {
        "CER": 0.40618032786885244,
        "SIM": 0.7044647229851778,
        "SI-SDR": -5.2014901811920575,
        "MCD": 7.884258632975007,
        "SDRi": 0.1941924427766935,
        "SDR": -3.7335809860061273,
        "WER": 0.50325,
        "SI-SDRi": 0.20586761166225187,
        "STOI": 0.6629820221988557,
        "PESQ": 1.2693505787849426
    },
    "fastgeco": {
        "CER": 0.03666393442622951,
        "SIM": 0.9698443500967827,
        "SI-SDR": 14.315314692258834,
        "MCD": 2.773466870616483,
        "SDRi": 17.861085463985802,
        "SDR": 13.933312035202981,
        "WER": 0.06420833333333333,
        "SI-SDRi": 19.722672485113144,
        "STOI": 0.9401675614331488,
        "PESQ": 2.4343248022794723
    }
}